Workbook

Sheet Dashboard
B1: CAC TRACKER — CAPSTONE PROJECT
B2: Customer Acquisition Cost Analysis Dashboard
B4: KEY METRICS SUMMARY
B5: Total Marketing Spend | D5: Total New Customers | F5: Overall CAC | H5: LTV:CAC Ratio
B6: ='Data Entry'!B18 -> 0 | D6: ='Data Entry'!B19 -> TOTAL / AVERAGE | F6: ='Data Entry'!B20 -> 0 | H6: ='Data Entry'!B21 -> 815000
B9: MONTHLY CAC BREAKDOWN
B10: Month | C10: Marketing Spend (₹) | D10: New Customers | E10: CAC (₹) | F10: MoM Change | G10: Channel | H10: LTV (₹) | I10: LTV:CAC
B11: ='Data Entry'!B7 -> February | C11: ='Data Entry'!C7 -> 52000 | D11: ='Data Entry'!D7 -> 140 | E11: ='Data Entry'!E7 -> 371.42857 | G11: ='Data Entry'!F7 -> -0.0095238095 | H11: ='Data Entry'!G7 -> Google Ads | I11: ='Data Entry'!H7 -> 8500
B12: ='Data Entry'!B8 -> March | C12: ='Data Entry'!C8 -> 48000 | D12: ='Data Entry'!D8 -> 130 | E12: ='Data Entry'!E8 -> 369.23077 | G12: ='Data Entry'!F8 -> -0.0059171598 | H12: ='Data Entry'!G8 -> Social Media | I12: ='Data Entry'!H8 -> 9000
B13: ='Data Entry'!B9 -> April | C13: ='Data Entry'!C9 -> 61000 | D13: ='Data Entry'!D9 -> 175 | E13: ='Data Entry'!E9 -> 348.57143 | G13: ='Data Entry'!F9 -> -0.055952381 | H13: ='Data Entry'!G9 -> Google Ads | I13: ='Data Entry'!H9 -> 9000
B14: ='Data Entry'!B10 -> May | C14: ='Data Entry'!C10 -> 55000 | D14: ='Data Entry'!D10 -> 160 | E14: ='Data Entry'!E10 -> 343.75 | G14: ='Data Entry'!F10 -> -0.013831967 | H14: ='Data Entry'!G10 -> Email | I14: ='Data Entry'!H10 -> 9200
B15: ='Data Entry'!B11 -> June | C15: ='Data Entry'!C11 -> 70000 | D15: ='Data Entry'!D11 -> 210 | E15: ='Data Entry'!E11 -> 333.33333 | G15: ='Data Entry'!F11 -> -0.03030303 | H15: ='Data Entry'!G11 -> Influencer | I15: ='Data Entry'!H11 -> 9500
B16: ='Data Entry'!B12 -> July | C16: ='Data Entry'!C12 -> 67000 | D16: ='Data Entry'!D12 -> 200 | E16: ='Data Entry'!E12 -> 335 | G16: ='Data Entry'!F12 -> 0.005 | H16: ='Data Entry'!G12 -> Social Media | I16: ='Data Entry'!H12 -> 9500
B17: ='Data Entry'!B13 -> August | C17: ='Data Entry'!C13 -> 74000 | D17: ='Data Entry'!D13 -> 230 | E17: ='Data Entry'!E13 -> 321.73913 | G17: ='Data Entry'!F13 -> -0.039584685 | H17: ='Data Entry'!G13 -> Google Ads | I17: ='Data Entry'!H13 -> 9800
B18: ='Data Entry'!B14 -> September | C18: ='Data Entry'!C14 -> 80000 | D18: ='Data Entry'!D14 -> 255 | E18: ='Data Entry'!E14 -> 313.72549 | G18: ='Data Entry'!F14 -> -0.02490726 | H18: ='Data Entry'!G14 -> Referral | I18: ='Data Entry'!H14 -> 10000
B19: ='Data Entry'!B15 -> October | C19: ='Data Entry'!C15 -> 78000 | D19: ='Data Entry'!D15 -> 248 | E19: ='Data Entry'!E15 -> 314.51613 | G19: ='Data Entry'!F15 -> 0.0025201613 | H19: ='Data Entry'!G15 -> SEO | I19: ='Data Entry'!H15 -> 10000
B20: ='Data Entry'!B16 -> November | C20: ='Data Entry'!C16 -> 90000 | D20: ='Data Entry'!D16 -> 290 | E20: ='Data Entry'!E16 -> 310.34483 | G20: ='Data Entry'!F16 -> -0.013262599 | H20: ='Data Entry'!G16 -> Google Ads | I20: ='Data Entry'!H16 -> 10500
B21: ='Data Entry'!B17 -> December | C21: ='Data Entry'!C17 -> 95000 | D21: ='Data Entry'!D17 -> 315 | E21: ='Data Entry'!E17 -> 301.5873 | G21: ='Data Entry'!F17 -> -0.028218695 | H21: ='Data Entry'!G17 -> Social Media | I21: ='Data Entry'!H17 -> 10500
B22: ='Data Entry'!B18 -> 0 | C22: ='Data Entry'!C18 -> 0 | D22: ='Data Entry'!D18 -> 0 | E22: ='Data Entry'!E18 -> 0 | G22: ='Data Entry'!F18 -> 0 | H22: ='Data Entry'!G18 -> 0 | I22: ='Data Entry'!H18 -> 0

Sheet Data Entry
B1: DATA ENTRY — Monthly Marketing & Customer Data
B2: Fill in the yellow cells. Formulas are auto-calculated.
B4: Month | C4: Marketing Spend (₹) | D4: New Customers | E4: CAC (₹) | F4: MoM CAC Change | G4: Channel | H4: LTV (₹) | I4: LTV:CAC Ratio
C5: (Enter Amount) | D5: (Enter Count) | E5: B divided by C (Auto) | F5: vs Prev Month (Auto) | G5: (e.g. Social Media) | H5: (Enter Amount) | I5: H divided by E (Auto)
B6: January | C6: 45000 | D6: 120 | E6: =IF(D6=0,"",C6/D6) -> 375 | F6: — | G6: Social Media | H6: 8500 | I6: =IF(OR(E6="",H6=""),"",H6/E6) -> 22.666667
B7: February | C7: 52000 | D7: 140 | E7: =IF(D7=0,"",C7/D7) -> 371.42857 | F7: =IF(OR(E7="",E6=""),"—",(E7-E6)/E6) -> -0.0095238095 | G7: Google Ads | H7: 8500 | I7: =IF(OR(E7="",H7=""),"",H7/E7) -> 22.884615
B8: March | C8: 48000 | D8: 130 | E8: =IF(D8=0,"",C8/D8) -> 369.23077 | F8: =IF(OR(E8="",E7=""),"—",(E8-E7)/E7) -> -0.0059171598 | G8: Social Media | H8: 9000 | I8: =IF(OR(E8="",H8=""),"",H8/E8) -> 24.375
B9: April | C9: 61000 | D9: 175 | E9: =IF(D9=0,"",C9/D9) -> 348.57143 | F9: =IF(OR(E9="",E8=""),"—",(E9-E8)/E8) -> -0.055952381 | G9: Google Ads | H9: 9000 | I9: =IF(OR(E9="",H9=""),"",H9/E9) -> 25.819672
B10: May | C10: 55000 | D10: 160 | E10: =IF(D10=0,"",C10/D10) -> 343.75 | F10: =IF(OR(E10="",E9=""),"—",(E10-E9)/E9) -> -0.013831967 | G10: Email | H10: 9200 | I10: =IF(OR(E10="",H10=""),"",H10/E10) -> 26.763636
B11: June | C11: 70000 | D11: 210 | E11: =IF(D11=0,"",C11/D11) -> 333.33333 | F11: =IF(OR(E11="",E10=""),"—",(E11-E10)/E10) -> -0.03030303 | G11: Influencer | H11: 9500 | I11: =IF(OR(E11="",H11=""),"",H11/E11) -> 28.5
B12: July | C12: 67000 | D12: 200 | E12: =IF(D12=0,"",C12/D12) -> 335 | F12: =IF(OR(E12="",E11=""),"—",(E12-E11)/E11) -> 0.005 | G12: Social Media | H12: 9500 | I12: =IF(OR(E12="",H12=""),"",H12/E12) -> 28.358209
B13: August | C13: 74000 | D13: 230 | E13: =IF(D13=0,"",C13/D13) -> 321.73913 | F13: =IF(OR(E13="",E12=""),"—",(E13-E12)/E12) -> -0.039584685 | G13: Google Ads | H13: 9800 | I13: =IF(OR(E13="",H13=""),"",H13/E13) -> 30.459459
B14: September | C14: 80000 | D14: 255 | E14: =IF(D14=0,"",C14/D14) -> 313.72549 | F14: =IF(OR(E14="",E13=""),"—",(E14-E13)/E13) -> -0.02490726 | G14: Referral | H14: 10000 | I14: =IF(OR(E14="",H14=""),"",H14/E14) -> 31.875
B15: October | C15: 78000 | D15: 248 | E15: =IF(D15=0,"",C15/D15) -> 314.51613 | F15: =IF(OR(E15="",E14=""),"—",(E15-E14)/E14) -> 0.0025201613 | G15: SEO | H15: 10000 | I15: =IF(OR(E15="",H15=""),"",H15/E15) -> 31.794872
B16: November | C16: 90000 | D16: 290 | E16: =IF(D16=0,"",C16/D16) -> 310.34483 | F16: =IF(OR(E16="",E15=""),"—",(E16-E15)/E15) -> -0.013262599 | G16: Google Ads | H16: 10500 | I16: =IF(OR(E16="",H16=""),"",H16/E16) -> 33.833333
B17: December | C17: 95000 | D17: 315 | E17: =IF(D17=0,"",C17/D17) -> 301.5873 | F17: =IF(OR(E17="",E16=""),"—",(E17-E16)/E16) -> -0.028218695 | G17: Social Media | H17: 10500 | I17: =IF(OR(E17="",H17=""),"",H17/E17) -> 34.815789
B19: TOTAL / AVERAGE | C19: =SUM(C6:C17) -> 815000 | D19: =SUM(D6:D17) -> 2473 | E19: =IFERROR(C19/D19,"") -> 329.55924 | H19: =AVERAGE(H6:H17) -> 9500 | I19: =IFERROR(H19/E19,"") -> 28.82638
B21: =C19 -> 815000 | C21: Total Marketing Spend
B22: =D19 -> 2473 | C22: Total New Customers
B23: =E19 -> 329.55924 | C23: Overall CAC (₹)
B24: =I19 -> 28.82638 | C24: LTV:CAC Ratio
B27: LEGEND
B28: User Input (Yellow) — Enter your data here
B29: Auto-Calculated (Gray) — Do not edit

Sheet Charts
B1: CAC VISUAL ANALYSIS

Sheet How To Use
B1: HOW TO USE THIS TRACKER
B3: WHAT IS CAC? | C3: Customer Acquisition Cost (CAC) = Total Marketing Spend ÷ Number of New Customers acquired in that period.
B6: STEP 1 — Enter Data | C6: Go to the 'Data Entry' sheet. Fill in the YELLOW cells only: • Marketing Spend: Total ₹ spent on marketing that month • New Customers: How many new customers you got • Channel: Where you spent (e.g. Social Media, Google Ads) • LTV: Lifetime Value of a customer (how much ₹ they bring over their lifetime)
B9: STEP 2 — View Dashboard | C9: Go to the 'Dashboard' sheet to see your monthly breakdown and key KPI metrics at the top.
B12: STEP 3 — Analyze Charts | C12: Go to the 'Charts' sheet to see visual graphs of your CAC, marketing spend, and LTV:CAC ratio over time.
B15: WHAT IS LTV:CAC? | C15: LTV:CAC ratio = Customer Lifetime Value ÷ CAC. • If ratio > 3x = Healthy business (you earn 3x what you spend to acquire) • If ratio < 1x = Danger zone (you spend more than you earn per customer)
B18: COLOR GUIDE | C18: 🟡 Yellow cells = You enter data here ⬜ Gray cells = Auto-calculated (don't change) 🔵 Blue text = Input values
B21: FOR YOUR CAPSTONE | C21: Use real or simulated monthly data. Analyze trends — did CAC go up or down? Which channel had the best CAC? How does your LTV:CAC ratio look? These insights make a strong project presentation!
